,index,City,"Upload Date
 (MM/DD/YYYY)",Upload Time (CET),Local incident date (MM/DD/YYYY),Hyperlink,Latitude,Longitude,Type of Violation,date
0,0,"Columbus, OH, USA",05/29/2020,03:45:00,,https://m.facebook.com/story.php?story_fbid=1137997739900780&id=100010716946743&_rdr,39.9652951,-83.019963,Pepper Spray,2020-05-29
1,1,"Minneapolis, MN, USA",05/29/2020,03:57:00,5/29/2020,https://twitter.com/stribrooks/status/1266186985041022976,44.979727,-93.272487,Pepper Spray,2020-05-29
2,2,"Atlanta, GA, USA",05/30/2020,00:33:00,5/29/2020,https://twitter.com/Brittm_tv/status/1266497944796225538,33.7572575,-84.3944795,Physical Assault,2020-05-30
3,3,"New York City, NY , USA",05/30/2020,01:38:00,5/29/2020,https://twitter.com/j0ncampbell/status/1266514356071735296,40.683405,-73.976917,Physical Assault,2020-05-30
4,4,"New York City, NY, USA",05/30/2020,02:38:00,5/29/2020,https://twitter.com/JasonLemon/status/1266529475757510656,40.683244,-73.977563,Physical Assault,2020-05-30
5,5,"New York City, NY , USA",05/30/2020,03:11:00,5/29/2020,https://twitter.com/NickAtNews/status/1266537738364477446,40.6859999,-73.9594372,Physical Assault,2020-05-30
6,6,"Houston, TX, USA",05/30/2020,03:14:00,5/29/2020,https://twitter.com/vikthewild/status/1266538354939756544?s=20,29.755111,-95.36758499999999,Physical Assault,2020-05-30
7,7,"Omaha, NE, USA",05/30/2020,03:58:00,,https://twitter.com/jonnykip21/status/1266549545581895680,41.259892,-96.027672,Less Lethal Round,2020-05-30
8,8,"Houston, TX, USA",05/30/2020,04:41:00,,"https://twitter.com/DomSkyeRN/status/1266557890120335362, https://twitter.com/greg_doucette/status/1271288686303301635",29.76080322265625,-95.3695068359375,Physical Assault,2020-05-30
9,9,"Las Vegas, NV, USA",05/30/2020,04:44:00,5/29/2020,https://twitter.com/bridgetkbennett/status/1266561128185819136,36.1147818,-115.1727395,Physical Assault,2020-05-30
10,10,"Detroit, MI, USA",05/30/2020,04:55:00,5/29/2020,https://twitter.com/joeguillen/status/1266563974658744321,42.3312069,-83.0435312,Physical Assault,2020-05-30
11,11,"Fort Wayne, IN, USA",05/30/2020,06:02:00,5/29/2020,https://twitter.com/_isabel_a/status/1266580681251000321,41.0805298,-85.1391359,Pepper Spray,2020-05-30
12,12,"Dallas, TX, USA",05/30/2020,06:04:00,05/29/2020,https://cbsloc.al/3dlcjkY,32.777146,-96.803426,Tear Gas,2020-05-30
13,13,"Canton, OH, USA",05/30/2020,06:16:00,,https://twitter.com/rinnalaiss/status/1266584257511723009/photo/1,40.797386169433594,-81.37703704833984,Tear Gas,2020-05-30
14,14,"New York City, NY, USA",05/30/2020,06:17:00,5/30/2020,https://twitter.com/crankberries/status/1266584559245803522,40.68141,-73.9770777,Physical Assault,2020-05-30
15,15,"Denver, CO, USA",05/30/2020,09:20:00,,https://twitter.com/Mr_Blue_sky_II/status/1266630635956789248,39.739991,-104.98755,Less Lethal Round,2020-05-30
16,16,"Denver, CO, USA",05/30/2020,09:34:00,5/30/2020,https://twitter.com/SaltMagazine_/status/1266634027257098240,39.739643,-104.986167,Less Lethal Round,2020-05-30
17,17,"Lincoln, NE, USA",05/30/2020,12:14:00,5/30/2020,https://twitter.com/TheRyanSwanigan/status/1266674265635553284,40.8138047,-96.6851684,Other,2020-05-30
18,18,"Minneapolis, MN, USA",05/30/2020,12:19:00,5/29/2020,https://www.facebook.com/1462345700/posts/10220863812572745/?d=n,44.9483222,-93.23409129999999,Other,2020-05-30
19,19,"Columbus, OH, USA",05/30/2020,20:18:00,5/30/2020,https://twitter.com/KRobPhoto/status/1266796191469252610,39.9620691,-83.00065490000001,Pepper Spray,2020-05-30
20,20,"Columbus, OH, USA",05/30/2020,20:55:00,5/30/2020,"https://twitter.com/rottenstrwbry/status/1266805467990446081 , https://twitter.com/TheLantern/status/1266780224815009797",39.9621818,-83.00055079999998,Pepper Spray,2020-05-30
21,21,"Harrisburg, PA, USA",05/30/2020,21:34:00,5/30/2020,https://twitter.com/gonzaloaflores/status/1266815380619702273,40.2646231,-76.890304,Pepper Spray,2020-05-30
22,22,"Columbus, OH, USA",5/30/2020,21:59:00,,https://twitter.com/lalaitskelcey2/status/1266821476122058752?s=20,39.962149,-83.00013,Pepper Spray,2020-05-30
23,23,"Columbus, OH, USA",05/30/2020,22:48:00,,https://twitter.com/bwk1992/status/1266833971570237442,39.9621717,-83.00061529999999,Pepper Spray,2020-05-30
24,24,"New York City, NY, USA",05/30/2020,,05/30/2020,https://www.instagram.com/p/CAzSOtGlKQY/,40.6971494,-74.2598655,Physical Assault,2020-05-30
25,25,"Phoenix, AZ, USA",05/30/2020,,05/30/2020,https://twitter.com/PhxProtestLIVE/status/1268390978571825156,33.448204040527344,-112.07258605957031,Physical Assault,2020-05-30
26,26,"Los Angeles, CA, USA",05/30/2020,,05/30/2020,https://www.pscp.tv/w/1OwxWQXvOAjGQ https://twitter.com/tracemeYo/status/1266633586322497538?s=20,34.044749,-118.252297,Less Lethal Round,2020-05-30
27,27,"Cleveland, OH, USA",05/31/2020,00:32:00,,https://twitter.com/Caroline_On_TV/status/1266860020588843008,41.502133,-81.697275,Physical Assault,2020-05-31
28,28,"Dallas, TX, USA",05/31/2020,00:34:00,05/30/2020,https://twitter.com/calvinwatkins/status/1266860555597500416,32.778501,-96.796433,Tear Gas,2020-05-31
29,29,"San Jose, CA, USA",05/31/2020,01:16:00,5/29/2020,"https://twitter.com/greg_doucette/status/1266871141269987331 , https://twitter.com/bowiezamudio/status/1266598285206106113 , https://twitter.com/bowiezamudio/status/1266765863111127040",37.3389328,-121.8847294,Intimidation,2020-05-31
30,30,"Atlanta, GA, USA",05/31/2020,01:42:00,,https://twitter.com/DanWolken/status/1266877753015570433,33.757879,-84.393564,Arrest/Detention,2020-05-31
31,31,"Salt Lake City, UT, USA",05/31/2020,01:43:00,5/31/2020,https://twitter.com/skye_rtin/status/1266877962877460480,40.7605627,-111.88480390000001,Physical Assault,2020-05-31
32,32,"New York City, NY, USA",05/31/2020,02:09:00,5/30/2020,"https://twitter.com/chieffymac11/status/1266884475268616197 , https://twitter.com/pgarapon/status/1266885414016688134",40.6795912,-73.9741277,Other,2020-05-31
33,33,"Los Angeles, CA, USA",05/31/2020,02:38:00,,https://twitter.com/roebotwriter/status/1266891873710305280,34.05223846435547,-118.24334716796875,Less Lethal Round,2020-05-31
34,34,"Minneapolis, MN, USA",05/31/2020,02:45:00,,https://twitter.com/UR_Ninja/status/1267074770576838658,44.946608,-93.279706,Intimidation,2020-05-31
35,35,"Raleigh, NC, USA",05/31/2020,02:46:00,5/30/2020,https://twitter.com/BarkyBoogz/status/1266893772060790784,35.7756153,-78.6393255,Tear Gas,2020-05-31
36,36,"Seattle, WA, USA",05/31/2020,02:52:00,5/30/2020,https://twitter.com/hallealicee/status/1266895207007547392?s=20,47.611569,-122.33801399999999,Pepper Spray,2020-05-31
37,37,"Chicago, IL, USA",05/31/2020,03:01:00,5/30/2020,https://twitter.com/JCB_Journo/status/1266897672545480706,41.891642,-87.629196,Pepper Spray,2020-05-31
38,38,"Los Angeles, CA, USA",05/31/2020,03:14:00,05/30/2020,https://twitter.com/MatthewSantoro/status/1266916709304201216?s=20,34.07087,-118.35641499999998,Less Lethal Round,2020-05-31
39,39,"Orlando, FL, USA",05/31/2020,03:18:00,,https://twitter.com/alexandersbde/status/1266901722410168321,28.5391145,-81.37899490000001,Pepper Spray,2020-05-31
40,40,"New York City, NY, USA",05/31/2020,03:23:00,,https://twitter.com/letsgomathias/status/1266903135303450631,40.650534,-73.955939,Intimidation,2020-05-31
41,41,"Los Angeles, CA, USA",05/31/2020,03:37:00,,https://twitter.com/andrewcurryla/status/1266906677820833793,34.0716005,-118.361296,Less Lethal Round,2020-05-31
42,42,"Minneapolis, MN, USA",05/31/2020,03:39:00,,https://twitter.com/MSNBC/status/1266913892334174208,44.962738,-93.277813,Tear Gas,2020-05-31
43,43,"Atlanta, GA, USA",05/31/2020,03:46:00,,https://twitter.com/KCJ_Swish/status/1266913464234237954,33.759666,-84.392075,Arrest/Detention,2020-05-31
44,44,"New York City, NY, USA",05/31/2020,03:47:00,,https://twitter.com/orsification/status/1266909241820004353,40.7285528,-73.9906947,Physical Assault,2020-05-31
45,45,"Philadelphia, PA, USA",05/31/2020,04:04:00,5/30/2020,https://twitter.com/UR_Ninja/status/1266913490301792257,39.9510612487793,-75.16561889648438,Arrest/Detention,2020-05-31
46,46,"Minneapolis, MN, USA",05/31/2020,04:28:00,,https://twitter.com/MikeGeorgeCBS/status/1266919447970942986,44.948586,-93.278614,Less Lethal Round,2020-05-31
47,47,"Minneapolis, MN, USA",05/31/2020,04:37:00,5/30/2020,https://twitter.com/tkerssen/status/1266921821653385225,44.9555257,-93.2874523,Other,2020-05-31
48,48,"Minneapolis, MN, USA",05/31/2020,04:52:00,5/30/2020,https://twitter.com/jaybeware/status/1266925550242869252?s=20,44.963062,-93.277773,Arrest/Detention,2020-05-31
49,49,"Los Angeles, CA, USA",05/31/2020,05:12:00,5/30/2020,https://twitter.com/sleepydayhana/status/1266930544811671552,34.07169,-118.36198799999998,Physical Assault,2020-05-31
50,50,"Columbus, OH, USA",05/31/2020,05:30:00,5/30/2020,https://twitter.com/budjoon/status/1266935071187054593,39.96214,-83.000509,Pepper Spray,2020-05-31
51,51,"Los Angeles, CA, USA",05/31/2020,05:31:00,,https://twitter.com/MattMcGorry/status/1266935305010987008,34.071928,-118.362834,Less Lethal Round,2020-05-31
52,52,"New York City, NY, USA",05/31/2020,05:34:00,,https://twitter.com/keithboykin/status/1266936136418701317,40.796199,-73.975374,Arrest/Detention,2020-05-31
53,53,"New York City, NY, USA",05/31/2020,05:36:00,5/30/2020,https://twitter.com/HuffPost/status/1266936484692725766,40.650749,-73.9511,Arrest/Detention,2020-05-31
54,54,"Atlanta, GA, USA",05/31/2020,05:49:00,,https://twitter.com/ANGELCUCCl/status/1266939757252280321,33.75977,-84.391009,Arrest/Detention,2020-05-31
55,55,"Denver, CO, USA",05/31/2020,06:11:00,5/30/2020,https://twitter.com/tessrmalle/status/1266945413258653696,39.735144,-104.981076,Physical Assault,2020-05-31
56,56,"Raleigh, NC, USA",05/31/2020,06:23:00,5/30/2020,https://twitter.com/LiamCurrie16/status/1266948510022320130,35.7781455,-78.63502120000001,Other,2020-05-31
57,57,"Chicago, IL, USA",05/31/2020,06:43:00,5/31/2020,https://twitter.com/johncusack/status/1266953514242228229,41.892594,-87.625403,Physical Assault,2020-05-31
58,58,"Seattle, WA, USA",05/31/2020,07:09:00,5/31/2020,https://twitter.com/mattmillsphoto/status/1266960081389629440,47.611955,-122.33521999999999,Arrest/Detention,2020-05-31
59,59,"Fort Wayne, IN, USA",05/31/2020,07:14:00,,https://twitter.com/LeslieR36377569/status/1266961299084369920,41.080057,-85.138227,Tear Gas,2020-05-31
60,60,"Salt Lake City, UT, USA",05/31/2020,07:22:00,05/30/2020,https://www.instagram.com/p/CA148-0B14t6mQZqJZYzwq25KdoPzZ5CJmV3oQ0/,40.760411,-111.885127,Less Lethal Round,2020-05-31
61,61,"New York City, NY, USA",05/31/2020,07:34:00,,https://twitter.com/PNickCurran/status/1266966295653777408,40.650722,-73.95107900000001,Arrest/Detention,2020-05-31
62,62,"Santa Ana, CA, USA",05/31/2020,07:51:00,05/30/2020,https://twitter.com/WoeSoros/status/1266985719932661760?s=20,33.74973678588867,-117.86978149414062,Less Lethal Round,2020-05-31
63,63,"Erie, PA, USA",05/31/2020,09:06:00,05/31/2020,https://twitter.com/the7goonies/status/1266989439160590336,42.129951,-80.085441,Pepper Spray,2020-05-31
64,64,"Manassas, VA, USA",05/31/2020,09:25:00,,https://twitter.com/tristanshields/status/1266994214878932993,38.787728,-77.513806,Pepper Spray,2020-05-31
65,65,"Sacramento, CA, USA",05/31/2020,11:45:00,,https://twitter.com/chadloder/status/1267029301389492224,38.582879,-121.49828799999999,Less Lethal Round,2020-05-31
66,66,"Louisville, KY, USA",05/31/2020,11:45:00,05/30/2020,https://twitter.com/greg_doucette/status/1266889425298108421,38.2253303527832,-85.74169921875,Other,2020-05-31
67,67,"La Mesa, CA, USA",05/31/2020,11:49:00,,https://twitter.com/mamitbh/status/1267030342243778561?s=20,32.766794,-117.02299599999999,Tear Gas,2020-05-31
68,68,"New York City, NY, USA",05/31/2020,15:13:00,05/30/2020,https://twitter.com/AJRupchandani/status/1267081875190923266,40.646629,-73.955632,Pepper Spray,2020-05-31
69,69,"Columbus, OH, USA",05/31/2020,16:34:00,,https://twitter.com/MediocRae/status/1267102263023198211,39.963348,-82.991001,Less Lethal Round,2020-05-31
70,70,"Akron, OH, USA",05/31/2020,16:43:00,,https://reddit.com/r/Ohio/comments/gtr6p3/cops_gassing_the_protest_on_high_st_and_exchange,41.0760202,-81.5211042,Tear Gas,2020-05-31
71,71,"Dallas, TX, USA",05/31/2020,17:02:00,5/31/2020,https://twitter.com/greg_doucette/status/1267109272342736896,32.777976989746094,-96.79621124267578,Less Lethal Round,2020-05-31
72,72,"Austin, TX, USA",05/31/2020,17:13:00,,https://twitter.com/jayjanner/status/1267111893753307137,30.267774,-97.734532,Less Lethal Round,2020-05-31
73,73,"Austin, TX, USA",05/31/2020,17:38:00,05/30/2020,https://twitter.com/Ironfront7/status/1267133400156196870?s=20,30.267676,-97.734239,Less Lethal Round,2020-05-31
74,74,"San Antonio, TX, USA",05/31/2020,18:05:00,,https://twitter.com/chadloder/status/1267124991809609728,29.426006,-98.488702,Less Lethal Round,2020-05-31
75,75,"San Diego, CA, USA",05/31/2020,18:43:00,,https://twitter.com/SaudiaSakari/status/1267134500087062528,32.71575927734375,-117.163818359375,Less Lethal Round,2020-05-31
76,76,"Denver, CO, USA",05/31/2020,19:02:00,,https://twitter.com/heyydnae/status/1267139396278661121,39.738951,-104.99027,Less Lethal Round,2020-05-31
77,77,"Austin, TX, USA",05/31/2020,19:33:00,,https://twitter.com/wanderingwoook/status/1267147121347694597?s=20,30.267663,-97.734187,Less Lethal Round,2020-05-31
78,78,"New York City, NY, USA",05/31/2020,21:59:00,,https://twitter.com/brandon212_/status/1267184037547986944,40.688732,-73.9802,Physical Assault,2020-05-31
79,79,"La Mesa, CA, USA",05/31/2020,22:51:00,05/30/2020,https://twitter.com/SDUTdyer/status/1267212161140416512?s=20,32.767521,-117.02253,Less Lethal Round,2020-05-31
80,80,"Philadelphia, PA, USA",05/31/2020,23:01:00,,https://twitter.com/cynthiaschemmer/status/1267199590987714560,39.955808,-75.225714,Tear Gas,2020-05-31
81,81,"Richmond, VA, USA",05/31/2020,23:39:00,05/31/2020,"https://m.facebook.com/story.php?story_fbid=1123349158037544&id=100010874104187 , https://twitter.com/CWillis_Worm/status/1267209188968669188",37.550311,-77.449465,Pepper Spray,2020-05-31
82,82,"New York City, NY, USA",5/31/2020,no,,https://www.instagram.com/p/CA1C-46BHxA/?igshid=1cr74ngn0f84k,40.6826465,-73.9776096,Pepper Spray,2020-05-31
83,83,"Los Angeles, CA, USA",05/31/2020,,,https://www.youtube.com/watch?v=sUbNNopu1ts&feature=youtu.be,34.0760949,-118.35634070000002,Tear Gas,2020-05-31
84,84,"Lansing, MI, USA",05/31/2020,,,"https://www.youtube.com/watch?v=0Oq1h1MwYC0&feature=youtu.be , https://www.youtube.com/watch?v=QYFrHGmbO1c&feature=youtu.be",42.7296776,-84.5522765,Tear Gas,2020-05-31
85,85,"Chicago, IL, USA",05/31/2020,,,https://twitter.com/HeatherCherone/status/1269004849477300225,41.7995763,-87.5895691,Physical Assault,2020-05-31
86,86,"Chicago, IL, USA",05/31/2020,,,"https://twitter.com/CHICAGOCREATUR1/status/1268607315902697478

https://twitter.com/dudgedudy/status/1269087238824083456

https://twitter.com/ConradKlek/status/1269088318014328833",41.8645066,-87.6581821,Other,2020-05-31
87,87,"Denver, CO, USA",05/31/2020,,,https://www.tiktok.com/@yazzdazzz/video/6832895812771646725,39.73845291137695,-104.98485565185547,Less Lethal Round,2020-05-31
88,88,"Denver, CO, USA",05/31/2020,,,https://www.tiktok.com/@yazzdazzz/video/6832899302566661382,39.739032,-104.98657299999999,Pepper Spray,2020-05-31
89,89,"Los Angeles, CA, USA",05/31/2020,,05/30/2020,https://www.tiktok.com/@w17ard/video/6833082563913977093,34.076143,-118.357381,Less Lethal Round,2020-05-31
90,90,"Los Angeles, CA, USA",06/01/2020,00:06:00,,https://twitter.com/jkishore/status/1267216022634999808,34.05223846435547,-118.24334716796875,Physical Assault,2020-06-01
91,91,"Los Angeles, CA, USA",06/01/2020,00:12:00,,https://twitter.com/MattMcGorry/status/1267217360894562306,34.071897,-118.363212,Physical Assault,2020-06-01
92,92,"Las Vegas, NV, USA",06/01/2020,00:29:00,,https://www.instagram.com/p/CA14rooHIC6/,36.167651,-115.136771,Arrest/Detention,2020-06-01
93,93,"Cincinnati, OH, USA",06/01/2020,01:03:00,,https://twitter.com/P0kes/status/1267230163521191936,39.10689,-84.509313,Intimidation,2020-06-01
94,94,"San Jose, CA, USA",06/01/2020,01:08:00,,https://twitter.com/venomwithinher/status/1267231621347864578,37.338101,-121.885981,Tear Gas,2020-06-01
95,95,"Minneapolis, MN, USA",06/01/2020,01:24:00,,https://twitter.com/keycodez/status/1267235529311113216?s=20,44.975358,-93.248152,Pepper Spray,2020-06-01
96,96,"Murfreesboro, TN, USA",06/01/2020,02:09:00,,https://twitter.com/joe_spears7/status/1267246919673434113,35.843725,-86.372176,Tear Gas,2020-06-01
97,97,"Fredericksburg, TX, USA",06/01/2020,03:07:00,,https://twitter.com/Dannyklein69/status/1267261377435099142,38.314079,-77.474907,Tear Gas,2020-06-01
98,98,"Cincinatti, OH, USA",06/01/2020,04:02:00,06/01/2020,https://twitter.com/thepoeticgopher/status/1267456370292461568,39.1061996,-84.5087241,Other,2020-06-01
99,99,"Fort Wayne, IN, USA",06/01/2020,04:18:00,05/29/2020,https://twitter.com/SheriffErinFogg/status/1267279365752184835,41.079475,-85.13830899999999,Pepper Spray,2020-06-01
100,100,"Grand Rapids, MI, USA",06/01/2020,04:26:00,05/30/2020,https://twitter.com/greg_doucette/status/1267281344649932806,42.963242,-85.666978,Pepper Spray,2020-06-01
101,101,"Tulsa, OK, USA",06/01/2020,05:01:00,,https://twitter.com/KTULNews/status/1267388909937405952,36.111582,-95.975616,Less Lethal Round,2020-06-01
102,102,"Fort Wayne, IN, USA",06/01/2020,05:09:00,05/30/2020,https://wpta21.com/2020/05/31/toddler-tear-gassed-photo-goes-viral/,41.078624,-85.137499,Tear Gas,2020-06-01
103,103,"Tampa, FL, USA",06/01/2020,05:14:00,,https://twitter.com/flawlessfatigue/status/1267293467362889729,27.956432,-82.455937,Less Lethal Round,2020-06-01
104,104,"Columbus, OH, USA",06/01/2020,05:16:00,,https://twitter.com/Youngdaggerdrip/status/1267293923317288961,39.9623001,-82.99968940000001,Other,2020-06-01
105,105,"Raleigh, NC, USA",06/01/2020,05:21:00,,https://twitter.com/noshoulding/status/1267279536686804993?s=20,35.78064,-78.64007099999999,Physical Assault,2020-06-01
106,106,"Athens, GA, USA",06/01/2020,06:16:00,,https://twitter.com/HunterRiggall/status/1267308893438455809,33.9576658,-83.3751742,Tear Gas,2020-06-01
107,107,"Athens, GA, USA",06/01/2020,06:35:00,,https://twitter.com/tmckenzie_photo/status/1267313794956562432,33.9574295,-83.3761647,Tear Gas,2020-06-01
108,108,"Hoover, AL, USA",06/01/2020,06:54:00,,https://twitter.com/mtvtacallya/status/1267318555604910081,33.388737,-86.80599699999999,Pepper Spray,2020-06-01
109,109,"Raleigh, NC, USA",06/01/2020,07:23:00,06/01/2020,https://twitter.com/bennykoval/status/1267325857892368384?ref_src=twsrc%5Etfw%7Ctwcamp%5Etweetembed%7Ctwterm%5E1267325857892368384%7Ctwgr%5E&ref_url=https%3A%2F%2Fwww.advocate.com%2Fcrime%2F2020%2F6%2F04%2Fqueer-bar-owner-shot-police-after-giving-first-aid-protesters,35.775189,-78.640132,Less Lethal Round,2020-06-01
110,110,"Huntington Beach, CA, USA",06/01/2020,07:58:00,,https://twitter.com/Ricardo_4715/status/1267334754119999488,33.6586785,-118.0040172,Less Lethal Round,2020-06-01
111,111,"Sacramento, CA, USA",06/01/2020,10:48:00,06/01/2020,https://twitter.com/reereeisme65/status/1267377454059937792,38.578556,-121.48664099999999,Physical Assault,2020-06-01
112,112,"San Diego, CA, USA",06/01/2020,12:43:00,,https://twitter.com/mariahalize3/status/1267225330093191168,32.71586,-117.16295600000001,Tear Gas,2020-06-01
113,113,"Louisville, KY, USA",06/01/2020,15:52:00,,https://twitter.com/Itz5500Gillz/status/1267454024288292867,38.245696,-85.75254699999999,Less Lethal Round,2020-06-01
114,114,"Little Rock, AR, USA",06/01/2020,17:05:00,05/31/2020,https://m.facebook.com/jennifer.d.lewis.16/posts/10217853508634716,34.744561,-92.28800600000001,Less Lethal Round,2020-06-01
115,115,"Los Angeles, CA, USA",06/01/2020,19:13:00,,https://twitter.com/liveinochi/status/1267504585926557696,34.05223846435547,-118.24334716796875,Less Lethal Round,2020-06-01
116,116,"Joliet, IL, USA",06/01/2020,19:44:00,,https://twitter.com/greg_doucette/status/1267861168384880650,41.522883,-88.121123,Arrest/Detention,2020-06-01
117,117,"Seattle, WA, USA",06/01/2020,21:12:00,,https://twitter.com/spekulation/status/1267172073232674816?s=20,47.6119,-122.33656299999998,Pepper Spray,2020-06-01
118,118,"Denver, CO, USA",06/01/2020,21:14:00,,https://youtu.be/xNLZ7exVxq4,39.739579,-104.98616399999999,Less Lethal Round,2020-06-01
119,119,"Little Rock, AR, USA",06/01/2020,22:31:00,05/31/2020,https://twitter.com/KATVShelby/status/1267554421019475972,34.746381,-92.28792,Less Lethal Round,2020-06-01
120,120,"Indianapolis, IN, USA",06/01/2020,23:04:00,,https://twitter.com/bubbaprog/status/1267562799804428288,39.768017,-86.15805300000001,Tear Gas,2020-06-01
121,121,"Beavercreek, OH, USA",06/01/2020,23:11:00,,https://twitter.com/b0ywxnder/status/1267564356667150336,39.7699303,-84.052098,Tear Gas,2020-06-01
122,122,"Des Moines, IA, USA",06/01/2020,23:31:00,,https://twitter.com/SharaneCalister/status/1267478856572850178,41.630284,-93.697868,Tear Gas,2020-06-01
123,123,"Austin, TX, USA",06/01/2020,23:57:00,05/31/2020,https://twitter.com/DavidFr31601156/status/1267576000105320449,30.2675551,-97.7344297,Less Lethal Round,2020-06-01
124,124,"Atlanta, GA, USA",06/01/2020,,,https://twitter.com/greg_doucette/status/1269088901135810561,41.8644981,-87.6554936,Physical Assault,2020-06-01
125,125,"Cincinnatti, OH, USA",06/01/2020,,06/02/2020,https://www.youtube.com/watch?v=5w0vRT2zOdo&feature=youtu.be,39.119853,-84.523394,Arrest/Detention,2020-06-01
126,126,"Washington D.C., USA",06/02/2020,00:41:00,06/01/2020,https://twitter.com/benyc/status/1267587033783992322,38.900203,-77.036191,Physical Assault,2020-06-02
127,127,"Pittsburgh, PA, USA",06/02/2020,01:00:00,,https://m.facebook.com/story.php?story_fbid=2935858916468885&id=100001344162878&sfnsn=mo&d=n&vh=i,40.457474,-79.933378,Less Lethal Round,2020-06-02
128,128,"Richmond, VA, USA",06/02/2020,01:38:00,,https://twitter.com/LVozzella/status/1267601506175418369,37.553972,-77.45975,Tear Gas,2020-06-02
129,129,"Richmond, VA, USA",06/02/2020,01:56:00,,https://twitter.com/myVPM/status/1267605983641075712,37.553972,-77.45975,Tear Gas,2020-06-02
130,130,"Washington D.C., USA",06/02/2020,02:13:00,,https://twitter.com/esthersalli/status/1267610370514042881,38.901351,-77.03704599999999,Intimidation,2020-06-02
131,131,"Atlanta, GA, USA",06/02/2020,02:32:00,,https://twitter.com/raiinntweets/status/1267615113953099778,33.75799,-84.393415,Intimidation,2020-06-02
132,132,"Washington D.C., USA",06/02/2020,02:35:00,06/01/2020,https://twitter.com/WestofHereFox/status/1267615709791731713,38.90476608276367,-77.01628875732422,Physical Assault,2020-06-02
133,133,"Washington D.C., USA",06/02/2020,02:46:00,06/01/2020,"https://twitter.com/Urquwill/status/1267618648203689985 , https://twitter.com/greg_doucette/status/1268297598856765441",38.8995369,-77.0387429,Less Lethal Round,2020-06-02
134,134,"Omaha, NE, USA",06/02/2020,03:30:00,,https://twitter.com/reecereports/status/1267629669093978117,41.255378,-95.933341,Less Lethal Round,2020-06-02
135,135,"Dallas, TX, USA",06/02/2020,04:00:00,,https://twitter.com/greg_doucette/status/1268682435442741254,32.780071,-96.82224599999999,Tear Gas,2020-06-02
136,136,"Washington D.C., USA",06/02/2020,04:05:00,,https://twitter.com/nytimes/status/1267638330654625794,38.900188,-77.036857,Tear Gas,2020-06-02
137,137,"Washington D.C., USA",06/02/2020,04:06:00,,https://twitter.com/KannoYoungs/status/1267638764056313857,38.89614,-77.019882,Intimidation,2020-06-02
138,138,"Los Angeles, CA, USA",06/02/2020,04:22:00,,https://twitter.com/dannychun/status/1267642764583264256,34.204573,-118.448844,Arrest/Detention,2020-06-02
139,139,"Columbus, OH, USA",06/02/2020,04:29:00,06/01/2020,https://twitter.com/TheLantern/status/1267644471317090305,40.005953,-83.00908199999999,Pepper Spray,2020-06-02
140,140,"Riverside, CA, USA",06/02/2020,04:46:00,,https://twitter.com/rozr31_rose/status/1267648785242439680,33.981425,-117.37342199999999,Other,2020-06-02
141,141,"Philadelphia, PA, USA",06/02/2020,04:46:40,,https://www.instagram.com/p/CA6pxvzgLAS/?utm_source=ig_web_copy_link,40.003,-75.166106,Physical Assault,2020-06-02
142,142,"Richmond, VA, USA",06/02/2020,04:52:00,,https://twitter.com/Justiceaddwater/status/1267650345947271176,37.55391,-77.46000500000001,Tear Gas,2020-06-02
143,143,"Bentonville, AR, USA",06/02/2020,05:17:00,,https://twitter.com/peyjobe/status/1267656498525753344,36.372461,-94.20815999999999,Tear Gas,2020-06-02
144,144,"Des Moines, IA, USA",06/02/2020,05:45:00,,https://twitter.com/aaronpcalvin/status/1268708285517004801,41.5902914,-93.61376829999999,Arrest/Detention,2020-06-02
145,145,"Philadelphia, PA, USA",06/02/2020,05:49:00,,https://twitter.com/balleralert/status/1267664589279371267,40.0024133,-75.2584571,Physical Assault,2020-06-02
146,146,"Salt Lake City, UT, USA",06/02/2020,06:21:00,,https://twitter.com/Leashie3/status/1267672607198855169,40.775539,-111.888167,Physical Assault,2020-06-02
147,147,"Seattle, WA, USA",06/02/2020,06:24:00,,https://twitter.com/_christopher/status/1267673530432356357,47.615401,-122.31908600000001,Tear Gas,2020-06-02
148,148,"Kalamazoo, MI, USA",06/02/2020,06:40:00,06/01/2020,https://twitter.com/osnapitzperi/status/1267677463850745858,42.2915889,-85.5851463,Tear Gas,2020-06-02
149,149,"Los Angeles, CA, USA",06/02/2020,07:11:00,,https://twitter.com/ricci_sergienko/status/1267685230799777793,34.071847,-118.362168,Physical Assault,2020-06-02
150,150,"Los Angeles, CA, USA",06/02/2020,07:14:00,,"https://twitter.com/withlovecole/status/1267692703866740737 , https://twitter.com/withlovecole/status/1267894810188234752",34.100784,-118.325177,Other,2020-06-02
151,151,"Los Angeles, CA, USA",06/02/2020,07:23:00,,https://twitter.com/AdoreDelano/status/1267688320735166465,34.1016736,-118.324325,Arrest/Detention,2020-06-02
152,152,"Des Moines, IA, USA",06/02/2020,07:48:00,,https://twitter.com/katie_akin/status/1267694434847731713,41.591191,-93.605005,Pepper Spray,2020-06-02
153,153,"Oakland, CA, USA",06/02/2020,07:49,,https://twitter.com/LilCocoBabe/status/1267694711952699393,37.8002087,-122.2737406,Tear Gas,2020-06-02
154,154,"Oakland, CA, USA",06/02/2020,07:53,,https://twitter.com/byjacobward/status/1267695808784199680,37.8002747,-122.2739628,Tear Gas,2020-06-02
155,155,"San Luis Obispo, CA, USA",06/02/2020,08:01:00,,https://twitter.com/ma7dz/status/1267697838244298752,35.2859017,-120.662782,Tear Gas,2020-06-02
156,156,"Seattle, WA, USA",06/02/2020,11:58:00,,https://twitter.com/LucasENystrom/status/1267757417850421249,47.61529,-122.31801599999999,Pepper Spray,2020-06-02
157,157,"Cincinatti, OH, USA",06/02/2020,12:23:00,,https://twitter.com/gwstoulouse/status/1267673147937038336,39.106163,-84.514997,Arrest/Detention,2020-06-02
158,158,"Pittsburgh, PA, USA",06/02/2020,15:54:00,06/01/2020,https://twitter.com/messiest_headd/status/1267816842413740034,40.457382,-79.933316,Pepper Spray,2020-06-02
159,159,"Washington D.C., USA",06/02/2020,17:21:00,,https://twitter.com/EdFelten/status/1267838832298393602,38.9024539,-77.02403609999999,Other,2020-06-02
160,160,"Philadelphia, PA, USA",06/02/2020,17:31:00,06/02/2020,https://twitter.com/d0wnrrrrr/status/1267841238381858816,39.959316,-75.17356,Pepper Spray,2020-06-02
161,161,"New York City, NY, USA",06/02/2020,20:30:00,,https://www.thedailybeast.com/even-medical-workers-fighting-covid-say-cops-are-attacking-them-at-george-floyd-protests?ref=home,40.6514366,-73.96504709999999,Physical Assault,2020-06-02
162,162,"Worcester, MA , USA",06/02/2020,21:18:00,06/01/2020,https://twitter.com/sebishop99/status/1267913459938844673?s=20,42.25139,-71.82028000000001,Less Lethal Round,2020-06-02
163,163,"Worcester, MA , USA",06/02/2020,22:37:00,06/01/2020,https://twitter.com/sebishop99/status/1267933307762851846,42.251802,-71.819163,Tear Gas,2020-06-02
164,164,"Walnut Creek, CA, USA",06/02/2020,22:53:00,,https://twitter.com/agnosticspirit/status/1267922192022384640,37.90176010131836,-122.06192016601562,Tear Gas,2020-06-02
165,165,"Austin, TX, USA",06/02/2020,,05/30/2020,https://www.youtube.com/watch?v=-BGyTi-KdKc&feature=youtu.be,30.2681171,-97.73333620000001,Less Lethal Round,2020-06-02
166,166,"Annandale, VA, USA",06/02/2020,,,https://www.youtube.com/watch?v=tvUI6D-LWcE&feature=youtu.be,38.8330283,-77.1595725,Physical Assault,2020-06-02
167,167,"Hoover, AL, USA",06/03/2020,01:58:00,,https://twitter.com/IanHoppe/status/1267968991424909312,33.3877847,-86.8065105,Arrest/Detention,2020-06-03
168,168,"Asheville, NC, USA",06/03/2020,02:19:00,,https://twitter.com/AngelaMWilhelm/status/1267974081577717762,35.5949019,-82.5522824,Other,2020-06-03
169,169,"Colorado Springs, CO, USA",06/03/2020,02:21:00,06/01/2020,https://krdo.com/news/top-stories/2020/06/02/cspd-reviewing-arrest-after-video-shows-officers-repeatedly-punch-suspect-at-protest/,38.828285,-104.82204200000001,Less Lethal Round,2020-06-03
170,170,"Detroit, MI, USA",06/03/2020,02:58:00,,https://twitter.com/MedvisJackson/status/1267984069905784832,42.33293914794922,-83.04783630371094,Intimidation,2020-06-03
171,171,"Clayton, NC, USA",06/03/2020,04:05:00,06/02/2020,"https://twitter.com/CliffBraun/status/1268038070667849728 , https://twitter.com/CorinneAllen20/status/1268000716884283393",37.940512,-121.93648590000002,Less Lethal Round,2020-06-03
172,172,"Philadelphia, PA, USA",06/03/2020,04:07:00,06/03/2020,https://twitter.com/tippedminimum/status/1268001268406136832,39.951576,75.156725,Physical Assault,2020-06-03
173,173,"Orlando, FL, USA",06/03/2020,04:15:00,,https://twitter.com/ewcfilms/status/1268003421786906627,28.54017,-81.3849276,Physical Assault,2020-06-03
174,174,"Charlotte, NC, USA",06/03/2020,04:21:00,,"https://twitter.com/katie_levans/status/1268004903257100302 , https://twitter.com/benspeerr/status/1268021776040300545",35.2187459,-80.8373319,Other,2020-06-03
175,175,"San Jose, CA, USA",06/03/2020,04:25:00,,https://twitter.com/veronica_d19/status/1268005920274935808,37.335548,-121.88584709999999,Physical Assault,2020-06-03
176,176,"Orlando, FL, USA",06/03/2020,04:46:00,,https://twitter.com/kailakerouac/status/1268011180989337602,28.5402064,-81.3836163,Other,2020-06-03
177,177,"New York City, NY, USA",06/03/2020,04:57,,https://twitter.com/mingum/status/1268013932423372800,40.71304702758789,-74.00723266601562,Physical Assault,2020-06-03
178,178,"Los Angeles, CA, USA",06/03/2020,05:07:00,,https://twitter.com/GadiNBC/status/1268016449320177665,34.0916899,-118.31090630000001,Arrest/Detention,2020-06-03
179,179,"San Diego, CA, USA",06/03/2020,05:10:00,,https://twitter.com/jessiepridemore/status/1268017181003939841,32.7156342,-117.1658346,Less Lethal Round,2020-06-03
180,180,"Los Angeles, CA, USA",06/03/2020,05:40:00,,https://twitter.com/AsToldBySam/status/1268024653466877952?s=20,34.047389,-118.251347,Intimidation,2020-06-03
181,181,"New York City, NY, USA",06/03/2020,05:43:00,,https://twitter.com/greg_doucette/status/1268025470764888066,40.71304702758789,-74.00723266601562,Physical Assault,2020-06-03
182,182,"San Antonio, CA, USA",06/03/2020,05:54:00,,https://twitter.com/SanAntonioProbz/status/1268028294529798144,37.7946662902832,-122.24024200439453,Less Lethal Round,2020-06-03
183,183,"Costa Mesa, CA, USA",06/03/2020,06:37:00,,https://www.reddit.com/r/orangecounty/comments/gvn42k/oc_sheriff_deputy_forgoing_his_name_badge_to_wear/?utm_source=share&utm_medium=ios_app&utm_name=iossmf,33.6635953,-117.9048183,Other,2020-06-03
184,184,"Dallas, TX, USA",06/03/2020,06:45:00,,"https://twitter.com/greg_doucette/status/1268041199077728256 , https://twitter.com/christivnm/status/1267699288416624646",32.778986,-96.7967878,Less Lethal Round,2020-06-03
185,185,"Tampa, FL, USA",06/03/2020,06:47:00,,https://twitter.com/Bluntraps/status/1268041549109170177,27.949324,-82.45577800000001,Tear Gas,2020-06-03
186,186,"Portland, OR, USA",06/03/2020,07:12:00,,https://twitter.com/MrOlmos/status/1268047948341886977,45.5186006,-122.6960515,Tear Gas,2020-06-03
187,187,"Washington D.C., USA",06/03/2020,07:22:00,06/03/2020,https://twitter.com/MarkIronsMedia/status/1268046417865715713,38.900198,-77.036563,Tear Gas,2020-06-03
188,188,"Portland, OR, USA",06/03/2020,07:27:00,,https://twitter.com/45thabsurdist/status/1268051610942320640,45.5186395,-122.67892020000001,Less Lethal Round,2020-06-03
189,189,"Cincinatti, OH, USA",06/03/2020,07:31:00,,https://twitter.com/celebratequal/status/1268052630292566017,39.1362558,-84.6808303,Other,2020-06-03
190,190,"Portland, OR, USA",06/03/2020,07:38:00,,https://twitter.com/matcha_chai/status/1268054414238945280,45.51601791381836,-122.68142700195312,Other,2020-06-03
191,191,"Des Moines, IA, USA",06/03/2020,08:14:00,06/03/2020,https://twitter.com/MeetMichael_/status/1268063447444586497,41.5665849,-93.7465999,Pepper Spray,2020-06-03
192,192,"Seattle, WA, USA",06/03/2020,08:53:00,,"https://twitter.com/catsayshello/status/1268073344814866432 , https://twitter.com/GeoGolfHawaii/status/1268073256537354240 , https://twitter.com/Mary_Nam/status/1268413870520979457 , https://twitter.com/GeoGolfHawaii/status/1268075740077031424",47.6152883,-122.3181906,Tear Gas,2020-06-03
193,193,"Portland, OR, USA",06/03/2020,09:14:00,06/02/2020,https://twitter.com/Maggie_Vespa/status/1268088073776062467,45.5189565,-122.68146899999999,Intimidation,2020-06-03
194,194,"Portland, OR, USA",06/03/2020,12:19:00,,https://twitter.com/AstuteAF/status/1268125169890938882,45.507863,-122.677524,Tear Gas,2020-06-03
195,195,"Wilmington, NC, USA",06/03/2020,12:40:00,,https://twitter.com/luvmyblakness/status/1267949292146380813,34.236698150634766,-77.94619750976562,Less Lethal Round,2020-06-03
196,196,"Los Angeles, CA, USA",06/03/2020,16:06:00,,https://twitter.com/ItsjustmeD_/status/1268182343870709761,34.05223846435547,-118.24334716796875,Less Lethal Round,2020-06-03
197,197,"Fargo, ND, USA",06/03/2020,18:48:00,,https://twitter.com/Eggsalaaad/status/1268223118394392576,46.8769168,-96.7897673,Other,2020-06-03
198,198,"Streamwood, IL, USA",06/03/2020,20:45:00,,https://twitter.com/boffum777/status/1268252469546622982,42.0162621,-88.2152083,Other,2020-06-03
199,199,"St. Johnsbury, VT, USA",06/03/2020,21:02:00,06/03/2020,https://m.facebook.com/story.php?story_fbid=3011143412313088&id=100002523772680&_rdr,44.4187332,-72.0210399,Physical Assault,2020-06-03
200,200,"Walnut Creek, CA, USA",06/03/2020,before,,https://twitter.com/slckrikk/status/1268030274182410240,37.8942028,-122.11026299999999,Intimidation,2020-06-03
201,201,"Los Angeles, CA, USA",06/03/2020,,,https://twitter.com/davidgallardo/status/1268029756722655232,34.07936,-118.313515,Arrest/Detention,2020-06-03
202,202,"Chicago, IL, USA",06/04/2020,00:45:00,05/30/2020,https://twitter.com/TomSchuba/status/1268312957752160257,41.965144,-87.657362,Physical Assault,2020-06-04
203,203,"Houston, TX, USA",06/04/2020,02:46:00,06/03/2020,https://twitter.com/JoelDTD/status/1268343328593989632,29.76080322265625,-95.3695068359375,Physical Assault,2020-06-04
204,204,"Orlando, FL, USA",06/04/2020,02:47:00,06/03/2020,https://twitter.com/filfranca/status/1268343603832774659,28.549374,-81.37915100000001,Intimidation,2020-06-04
205,205,"Huntsville, AL, USA",06/04/2020,03:14:00,06/03/2020,https://twitter.com/bitchthot420/status/1268350308398268416,34.730405,-86.585797,Pepper Spray,2020-06-04
206,206,"New York City, NY, USA",06/04/2020,03:17:00,,https://twitter.com/ZachReports/status/1268351154980827137,40.693976,-73.990522,Physical Assault,2020-06-04
207,207,"Huntsville, AL, USA",06/04/2020,03:27:00,,https://twitter.com/bitchthot420/status/1268353600646008833,34.729552,-86.585286,Tear Gas,2020-06-04
208,208,"Huntsville, AL, USA",06/04/2020,03:44:00,,https://twitter.com/ByChipBrownlee/status/1268357881381957635,34.7299769,-86.5855445,Tear Gas,2020-06-04
209,209,"Valdosta, GA, USA",06/04/2020,03:44:00,06/03/2020,https://twitter.com/airguitarsolos/status/1268357926739197952,30.832354,-83.278728,Physical Assault,2020-06-04
210,210,"New York City, NY, USA",06/04/2020,04:05:00,,https://twitter.com/NoahHurowitz/status/1268363104502657024,40.683224,-73.974888,Intimidation,2020-06-04
211,211,"New York City, NY, USA",06/04/2020,04:18:00,06/03/2020,https://twitter.com/joshfoxfilm/status/1268366550475603969,40.755768,-73.97082900000001,Physical Assault,2020-06-04
212,212,"New York City, NY, USA",06/04/2020,04:29:00,,https://twitter.com/nycDSA/status/1268369328149352449,40.694585,-73.990702,Intimidation,2020-06-04
213,213,"Orlando, FL, USA",06/04/2020,05:18:00,,https://twitter.com/IGiP100/status/1268381699387404290,28.538158,-81.39901529999999,Other,2020-06-04
214,214,"Iowa City, IA, USA",06/04/2020,06:30:00,,https://twitter.com/DJPAIMON/status/1268399580753858561,41.6874063,-91.5405338,Tear Gas,2020-06-04
215,215,"Orlando, FL, USA",06/04/2020,06:39:00,,https://twitter.com/greg_doucette/status/1268402077367259136,28.540319,-81.378961,Pepper Spray,2020-06-04
216,216,"New Orleans, LA, USA",06/04/2020,06:43:00,,"https://twitter.com/1776Libertatem/status/1268402855087652864 , https://twitter.com/wdsu/status/1268394610893651969 , https://twitter.com/misaacstein/status/1268381797081022464 , https://twitter.com/IamRobBlu/status/1268395828600877061",29.9388855,-90.0644309,Less Lethal Round,2020-06-04
217,217,"San Diego, CA, USA",06/04/2020,06:55:00,06/04/2020,"https://twitter.com/greg_doucette/status/1269009907367493634

",32.720853,-117.153453,Arrest/Detention,2020-06-04
218,218,"Las Vegas, NV, USA",06/04/2020,10:16:00,,https://twitter.com/besphr/status/1268637797495308288,36.1198309,-115.172395,Physical Assault,2020-06-04
219,219,"Oakdale, CA, USA",06/04/2020,12:11:00,,https://twitter.com/babyyazzyyy/status/1268304327459786752,37.7660547,-120.8488571,Arrest/Detention,2020-06-04
220,220,"Kansas City, MO, USA",06/04/2020,15:57:00,,https://twitter.com/sexxyspaceninja/status/1268542418590339073/photo/1,39.0418164,-94.5880595,Pepper Spray,2020-06-04
221,221,"New York City, NY, USA",06/04/2020,19:28:00,,https://twitter.com/BreezeCrypto/status/1268595409733156868,40.71304702758789,-74.00723266601562,Other,2020-06-04
222,222,"Philadelphia, PA, USA",06/04/2020,23:30:00,,https://twitter.com/Terrence_STR/status/1268721219622309890,39.961675,-75.176224,Physical Assault,2020-06-04
223,223,"Peoria, AZ, USA",06/04/2020,,,https://twitter.com/greg_doucette/status/1269064272811905025,33.5750846862793,-112.23731231689453,Other,2020-06-04
224,224,"Tampa, FL, USA",06/05/2020,00:40:00,,https://twitter.com/jennyy_poo/status/1268674035405160453,27.956448,-82.457103,Pepper Spray,2020-06-05
225,225,"New York City, NY, USA",06/05/2020,02:07:00,,"https://twitter.com/jangelooff/status/1268695781562888195, https://twitter.com/jangelooff/status/1268698743014072321, https://twitter.com/AshAgony/status/1268696316294635520",40.806321,-73.920249,Physical Assault,2020-06-05
226,226,"New York City, NY, USA",06/05/2020,03:01:00,,https://twitter.com/KirstiKarttunen/status/1268709439252684801,40.799968,-73.95872800000001,Arrest/Detention,2020-06-05
227,227,"Buffalo, NY, USA",06/05/2020,03:13:00,06/04/2020,"https://twitter.com/WBFO/status/1268712530358292484 , https://twitter.com/greg_doucette/status/1268743611467870211",42.886541,-78.87884100000001,Physical Assault,2020-06-05
228,228,"New York City, NY, USA",06/05/2020,03:21:00,,https://twitter.com/verde_nyc/status/1268714500049551366,40.700932,-73.960313,Arrest/Detention,2020-06-05
229,229,"New York City, NY, USA",06/05/2020,04:06:00,,https://twitter.com/jangelooff/status/1268725753547546624,40.806137,-73.920326,Arrest/Detention,2020-06-05
230,230,"New York City, NY, USA",06/05/2020,04:10:00,,"https://twitter.com/carolineha_/status/1268726970331906051 , https://twitter.com/carolineha_/status/1268727209205907458",40.764391,-73.9737991,Arrest/Detention,2020-06-05
231,231,"New York City, NY, USA",06/05/2020,04:20:00,,https://twitter.com/greg_doucette/status/1268769930570334208,40.764299,-73.97307099999999,Physical Assault,2020-06-05
232,232,"New York City, NY, USA",06/05/2020,04:30:00,,https://twitter.com/macfathom/status/1268732005178630144,40.682804,-73.964628,Physical Assault,2020-06-05
233,233,"Valdosta, GA, USA",06/05/2020,04:57:00,,https://www.wctv.tv/content/news/Lowndes-County-arrests-protester-for-obscene-sign-571035091.html,30.832409,-83.278864,Arrest/Detention,2020-06-05
234,234,"Austin, TX, USA",06/05/2020,06:34:00,,https://twitter.com/greg_doucette/status/1268763108232835075,30.267562,-97.734523,Less Lethal Round,2020-06-05
235,235,"Lincoln, NE, USA",06/05/2020,07:11:00,05/31/2020,https://twitter.com/greg_doucette/status/1268772480153460736,40.80801,-96.707045,Intimidation,2020-06-05
236,236,"Salem, MA, USA",06/05/2020,13:13:00,,https://twitter.com/Satellit3Heart/status/1268863536299675648,44.9393675,-123.041901,Tear Gas,2020-06-05
237,237,"Los Angeles, CA, USA",06/05/2020,13:34:00,,"https://twitter.com/iwant2cycle/status/1268868757839122432 , https://twitter.com/DavidWSpencer/status/1268952262061121536",34.0489834,-118.2499185,Less Lethal Round,2020-06-05
238,238,"New York City, NY, USA",06/05/2020,16:56:00,,https://twitter.com/shainataub/status/1268919620456665088,40.7872892,-73.9948469,Arrest/Detention,2020-06-05
239,239,"New York City, NY, USA",06/05/2020,17:08:00,,https://twitter.com/AshAgony/status/1268922595891720192,40.8071289,-73.92065629999999,Arrest/Detention,2020-06-05
240,240,"Milwaukee, WI, USA",06/05/2020,20:00:55,06/02/2020,https://twitter.com/greg_doucette/status/1271632038727241728,43.046964,-87.918943,Physical Assault ,2020-06-05
241,241,"Tampa, FL, USA",06/05/2020,22:20:00,06/04/2020,https://twitter.com/Sensationshawty/status/1269001279944249346,27.954529,-82.456502,Arrest/Detention,2020-06-05
242,242,"New York City, NY, USA",06/06/2020,05:35:00,,https://twitter.com/C_Sommerfeldt/status/1269110624132489217,40.66673,-73.95079,Physical Assault,2020-06-06
243,243,"Columbus, OH, USA",06/06/2020,06:08:00,,https://twitter.com/greg_doucette/status/1269118992540749831,39.9636052,-83.0007614,Pepper Spray,2020-06-06
244,244,"New York City, NY, USA",06/06/2020,06:12:00,,https://twitter.com/C_Sommerfeldt/status/1269119936112349187,40.66623,-73.950891,Arrest/Detention,2020-06-06
245,245,"Durham, NC, USA",06/06/2020,06:50:00,,https://twitter.com/greg_doucette/status/1269038894089191434,35.990954,-78.893621,Other,2020-06-06
246,246,"Portland, OR, USA",06/06/2020,09:11:00,,https://twitter.com/BonnieSilkman/status/1269174980060696577,45.516213,-122.677824,Tear Gas,2020-06-06
247,247,"Portland, OR, USA",06/06/2020,09:21:00,,https://twitter.com/MrOlmos/status/1269167620252561408,45.515682,-122.68047800000001,Tear Gas,2020-06-06
248,248,"Portland, OR, USA",06/06/2020,10:14:00,,https://twitter.com/MrOlmos/status/1269180948513386496,45.515525,-122.67783999999999,Less Lethal Round,2020-06-06
249,249,"New York City, NY, USA",06/06/2020,15:53:00,06/04/2020,https://twitter.com/luketracy/status/1269266190570061829,40.669973,-73.95822,Intimidation,2020-06-06
250,250,"New York City, NY, USA",06/06/2020,23:53:00,,https://twitter.com/WBinBrooklyn/status/1269386851217018881,40.71304702758789,-74.00723266601562,Physical Assault,2020-06-06
251,251,"Chicago, IL, USA",06/06/2020,,,https://twitter.com/dudgedudy/status/1269087238824083456,41.88322830200195,-87.63240051269531,Other,2020-06-06
252,252,"Chicago, IL, USA",06/06/2020,,,https://twitter.com/ConradKlek/status/1269088318014328833,41.88322830200195,-87.63240051269531,Other,2020-06-06
253,253,"Portland, OR, USA",06/07/2020,00:18:00,06/05/2020,https://twitter.com/bigpieceoftoast/status/1269393272570437632,45.514914,-122.680209,Less Lethal Round,2020-06-07
254,254,"Orlando, FL, USA",06/08/2020,03:30:00,06/01/2020,https://twitter.com/Concerned407/status/1269825310494785536?s=20,28.5384842,-81.3850019,Pepper Spray,2020-06-08
255,255,"San Jose, CA, USA",06/08/2020,04:58:00,,https://twitter.com/ex_Tesla/status/1268341102211297280,37.338101,-121.885981,Intimidation,2020-06-08
256,256,"Seattle, WA, USA",06/08/2020,05:21:00,,https://twitter.com/menilivne/status/1269831790799159302,47.615286,-122.315683,Physical Assault,2020-06-08
257,257,"Asheville, NC, USA",06/08/2020,07:03:00,05/31/2020,https://twitter.com/ILTTS/status/1269857547843973121,35.590385,-82.57429,Less Lethal Round,2020-06-08
258,258,"Portland, OR, USA",06/08/2020,08:43:00,,https://www.pscp.tv/w/cayD6DFvUEtMeEFQa01nS2R8MUJSSmpZekVEa2pHd0WiB5ZBpP-lbOT_44aFHFHjNFkx-HYTXsO-WLw5CzmT,45.51541623,-122.679273,Arrest/Detention,2020-06-08
259,259,"Seattle, WA, USA",06/08/2020,09:12:00,,https://twitter.com/chaseburnsy/status/1269889977363525634,47.615312,-122.318165,Tear Gas,2020-06-08
260,260,"Seattle, WA, USA",06/08/2020,10:11:00,,https://twitter.com/RisingAnons/status/1269904786108887045,47.615242,-122.318743,Less Lethal Round,2020-06-08
261,261,"New York City, NY, USA",06/08/2020,17:50:00,,https://twitter.com/greg_doucette/status/1270020411443613696,40.723163,-73.999076,Physical Assault,2020-06-08
262,262,"Charlotte, NC, USA",06/08/2020,23:58:00,06/08/2020,https://twitter.com/kaitlinwa24/status/1270113046606864389,35.220268,-80.83753399999999,Physical Assault,2020-06-08
263,263,"Pittsburgh, PA, USA",06/09/2020,21:31:00,06/01/2020,https://twitter.com/RyanDeto/status/1270438306929610752,40.462982,-79.926271,Arrest/Detention,2020-06-09
264,264,"Fort Lauderdale, FL, USA",06/09/2020,21:40:00,05/31/2020,https://twitter.com/MrEvanRoss/status/1270440535518560256,26.120699,-80.1423958,Less Lethal Round,2020-06-09
265,265,"East Meadow, NY, USA",06/13/2020,05:02:00,06/12/2020,https://twitter.com/MarisaKabas/status/1271930315544633345,40.725984,-73.556722,Arrest/Detention,2020-06-13
266,266,"Atlanta, GA, USA",06/13/2020,11:31:00,06/12/2020,https://twitter.com/EricWasserman1/status/1271736825195794432,33.721732,-84.392085,Killing,2020-06-13
267,267,"Beverly Hills, CA, USA",06/13/2020,11:51:00,06/12/2020,https://twitter.com/J7_TreeOfLibrty/status/1271741959099432960,34.08029556274414,-118.40467834472656,Tear Gas,2020-06-13
268,268,"Austin, TX, USA",06/14/2020,06:31:00,05/31/2020,https://twitter.com/greg_doucette/status/1272386250058727425,30.268026,-97.734158,Less Lethal Round,2020-06-14
269,269,"Portland, OR, USA",06/14/2020,09:09:00,06/14/2020,https://twitter.com/tuckwoodstock/status/1272063558403014657,45.516466,-122.680352,Physical Assault,2020-06-14
270,270,"Fort Wayne, IN, USA",06/14/2020,17:36:00,05/30/2020,https://www.facebook.com/sonny.murray.79/videos/927655467695750/?d=n,41.07981,-85.138359,Pepper Spray,2020-06-14
271,271,"Philadelphia, PA, USA",06/14/2020,19:03:00,06/13/2020,https://twitter.com/UR_Ninja/status/1271968811886022656,39.915576,-75.171776,Intimidation,2020-06-14
272,272,"Portland, OR, USA",06/15/2020,00:53:00,,https://twitter.com/greg_doucette/status/1272301072774823936,45.516679,-122.677567,Intimidation,2020-06-15
273,273,"Bethel, AK, USA",06/15/2020,04:34:00,06/14/2020,https://twitter.com/whiskeyrodent/status/1272356898722000896,38.963473,-84.08065500000001,Other,2020-06-15
274,274,"Philadelphia, PA, USA",06/15/2020,05:36:00,06/14/2020,https://twitter.com/UR_Ninja/status/1272372388190191617,39.916887,-75.171472,Other,2020-06-15
275,275,"New York City, NY, USA",06/15/2020,05:39:00,06/14/2020,https://twitter.com/carolineha_/status/1272389410202542081?s=20 ,40.650691,-73.961129,Intimidation,2020-06-15
276,276,"Richmond, VA, USA",06/15/2020,07:52:00,06/14/2020,"https://twitter.com/GoadGatsby/status/1272406679846617088, https://twitter.com/hannaheason_/status/1272515810406391808, https://twitter.com/JLJLovesRVA/status/1272577602268602378",37.545968,-77.444855,Arrest/Detention,2020-06-15
277,277,"Austin, TX, USA",06/15/2020,12:16:00,06/12/2020,https://www.newsweek.com/video-shows-police-kneeled-teenager-neck-1510829?amp=1&__twitter_impression=true,30.267731,-97.73410799999999,Physical Assault,2020-06-15
278,278,"Fort Wayne, IN, USA",06/15/2020,19:18:00,06/14/2020,https://twitter.com/stoneyydope_24/status/1272579204773818369,41.079538,-85.138061,Intimidation,2020-06-15
279,279,"Louisville, KY, USA",06/16/2020,02:51:00,06/15/2020,https://twitter.com/kenjiboijoi/status/1272708377349668864,38.254214,-85.760548,Less Lethal Round,2020-06-16
280,280,"Richmond, VA, USA",06/16/2020,03:47:00,06/15/2020,https://twitter.com/GoadGatsby/status/1272707396197064706?s=20 https://twitter.com/GoadGatsby/status/1272711269775224841?s=20 https://twitter.com/GoadGatsby/status/1272712020203319296?s=20 https://twitter.com/GoadGatsby/status/1272701413169287175?s=20 https://twitter.com/GoadGatsby/status/1272702871088365569?s=20,37.5464,-77.445546,Less Lethal Round,2020-06-16
281,281,"Richmond, VA, USA",06/16/2020,04:20:00,06/15/2020,https://twitter.com/aeringle/status/1272715627153817601,37.545802,-77.444889,Tear Gas,2020-06-16
282,282,"Richmond, VA, USA",06/16/2020,04:22:00,06/15/2020,https://twitter.com/GoadGatsby/status/1272716271059173381?s=20 https://twitter.com/GoadGatsby/status/1272718095476494336?s=20,37.545897,-77.44493,Pepper Spray,2020-06-16
283,283,"Richmond, VA, USA",06/16/2020,05:36:00,06/16/2020,https://twitter.com/GoadGatsby/status/1272734650763563014?s=20,37.546282,-77.445471,Other,2020-06-16
284,284,"Fort Wayne, IN, USA",06/16/2020,06:23:00,06/14/2020,https://twitter.com/greg_doucette/status/1272746478956695553,41.079716,-85.137263,Less Lethal Round,2020-06-16
285,285,"Portland, OR, USA",06/16/2020,08:23:00,06/15/2020,https://twitter.com/tuckwoodstock/status/1272776683674689536,45.517395,-122.680921,Less Lethal Round,2020-06-16
286,286,"Portland, OR, USA",06/16/2020,09:12:00,06/16/2020,"https://twitter.com/MrOlmos/status/1272804270698401794, https://twitter.com/MrOlmos/status/1272796206071087105",45.517665,-122.676229,Intimidation,2020-06-16
287,287,"Portland, OR, USA",06/16/2020,09:17:00,06/16/2020,https://twitter.com/tuckwoodstock/status/1272790485375959041,45.516309,-122.678832,Intimidation,2020-06-16
288,288,"Portland, OR, USA",06/16/2020,10:16:00,06/16/2020,https://twitter.com/AlexMilanTracy/status/1272805156225048578,45.518811,-122.675349,Arrest/Detention,2020-06-16
289,289,"Richmond, VA, USA",06/16/2020,16:06:00,06/15/2020,https://twitter.com/myVPM/status/1272893392440229899,37.546088,-77.445064,Tear Gas,2020-06-16
290,290,"Portland, OR, USA",06/17/2020,04:52:00,06/13/2020,https://twitter.com/KyleIboshi/status/1273085973316775936?s=20,45.51601791381836,-122.68142700195312,Other,2020-06-17
291,291,"Portland, OR, USA",06/18/2020,04:26:00,,https://twitter.com/greg_doucette/status/1273442002219208705,45.518672,-122.676507,Less Lethal Round,2020-06-18
292,292,"Louisville, KY, USA",06/18/2020,19:52:28,06/15/2020,https://www.instagram.com/p/CBleLePnpR_/,38.250002,-85.76573,Physical Assault,2020-06-18
293,293,"Charlotte, NC, USA",06/18/2020,20:34:00,6/18/2020,https://twitter.com/jefftaylorhuman/status/1273691995752615937?s=20 https://twitter.com/greg_doucette/status/1273815766262001664?s=20 https://twitter.com/jefftaylorhuman/status/1273685452541870080?s=20,35.220592,-80.837346,Arrest/Detention,2020-06-18
294,294,"Raleigh, NC, USA",06/19/2020,01:57:45,06/18/2020,www.facebook.com/1394730031/videos/10224282274429902/?extid=vESj9Z8rxRLMsjyU www.facebook.com/528070219/videos/10163910345810220/?extid=opEJ89Al5lTsG9fC,35.780497,-78.641609,Arrest/Detention,2020-06-19
295,295,"Washington D.C., USA",06/19/2020,07:45:00,,https://twitter.com/greg_doucette/status/1273854378852659200 https://twitter.com/greg_doucette/status/1273855537961226240,38.900216,-77.03235,Less Lethal Round,2020-06-19
296,296,"Portland, OR, USA",06/20/2020,08:38:00,06/20/2020,https://twitter.com/tuckwoodstock/status/1274245209287614465?s=20,45.516932,-122.67613300000001,Less Lethal Round,2020-06-20
297,297,"Portland, OR, USA",06/20/2020,12:54:00,06/20/2020,https://twitter.com/RaindropWorkPDX/status/1274309745415819264?s=20,45.515507,-122.677223,Less Lethal Round,2020-06-20
298,298,"Portland, OR, USA",06/20/2020,13:40:00,,https://twitter.com/greg_doucette/status/1274321189385768962,45.51601791381836,-122.68142700195312,Less Lethal Round,2020-06-20
299,299,"New York City, NY, USA",06/20/2020,21:35:00,05/30/2020,https://www.reddit.com/r/2020PoliceBrutality/comments/gu2u28/more_documented_aggression_in_flatbush_brooklyn/,40.646711,-73.955648,Pepper Spray,2020-06-20
300,300,"Portland, OR, USA",06/21/2020,10:00:00,06/20/2020,https://twitter.com/i/status/1274628824232112128,45.515672,-122.67728999999999,Physical Assault,2020-06-21
301,301,"Los Angeles, CA, USA",06/21/2020,17:32:00,05/30/2020,https://www.reddit.com/r/PublicFreakout/comments/gturig/cop_has_his_knee_on_a_womans_neck_even_though/?utm_source=share&utm_medium=web2x,34.070217,-118.352721,Physical Assault,2020-06-21
302,302,"New York City, NY, USA",06/21/2020,18:02:00,06/21/2020,https://twitter.com/i/status/1274749454139170816,40.578628,-73.833464,Physical Assault,2020-06-21
303,303,"Columbus, OH, USA",06/21/2020,20:19:00,06/21/2020,https://twitter.com/i/status/1274798950655164416,39.962182,-83.000591,Physical Assault,2020-06-21
304,304,"Portland, OR, USA",06/22/2020,00:00:44,06/13/2020,https://twitter.com/i/status/1274850632717922304,45.515693,-122.677329,Less Lethal Round,2020-06-22
305,305,"Compton, CA, USA",06/22/2020,01:12:00,06/21/2020,https://twitter.com/i/status/1274857833255895042,33.895035,-118.224511,Less Lethal Round,2020-06-22
306,306,"Compton, CA, USA",06/22/2020,02:48:00,06/21/2020,https://twitter.com/i/status/1274881934569717760,33.894372,-118.22508799999999,Less Lethal Round,2020-06-22
307,307,"Richmond, VA, USA",06/22/2020,03:00:00,06/21/2020,https://twitter.com/i/status/1274885039965306880,37.552647,-77.458402,Less Lethal Round,2020-06-22
308,308,"Richmond, VA, USA",06/22/2020,03:53:00,06/21/2020,https://twitter.com/greg_doucette/status/1275050386055999489,37.552873,-77.458504,Pepper Spray,2020-06-22
309,309,"Detroit, MI, USA",06/22/2020,2:54:00 AM,06/02/2020,https://twitter.com/greg_doucette/status/1274883520117256193,42.405487,-82.997126,Arrest/Detention,2020-06-22
310,310,"Washington D.C., USA",06/23/2020,01:44:00,06/22/2020,https://twitter.com/i/status/1275228263602958337,38.900234,-77.036556,Pepper Spray,2020-06-23
311,311,"Lousiville, KY, USA",06/30/2020,,06/30/2020,"https://twitter.com/greg_doucette/status/1278554477218476032 , https://www.facebook.com/itsjmfd/videos/10160161044542516",38.254073,-85.760058,Arrest/Detention,2020-06-30
312,312,"Gustine, CA, USA",07/01/2020,,06/28/2020,"https://twitter.com/greg_doucette/status/1279473878335655936 , https://twitter.com/stussycastro/status/1278798444916649984",37.253597,-120.99856399999999,Physical Assault,2020-07-01
313,313,"Portland, OR, USA",07/02/2020,,07/01/2020,"https://twitter.com/greg_doucette/status/1278708664430481409 , https://twitter.com/LindseyPSmith7/status/1278704987363667969",45.515874,-122.67675,Other,2020-07-02
314,314,"Denver, CO, USA",07/02/2020,,07/01/2020,"https://twitter.com/greg_doucette/status/1278713223810879488 , https://twitter.com/dulapalooza/status/1278684548100849664",39.73783,-104.98881100000001,Pepper Spray,2020-07-02
315,315,"Seattle, WA, USA",07/02/2020,,07/02/2020,"https://twitter.com/greg_doucette/status/1278906034816520195 , https://twitter.com/1stRoundFinish/status/1278854169743388672",47.615326,-122.320669,Arrest/Detention,2020-07-02
316,316,"Seattle, WA, USA",07/02/2020,,07/02/2020,"https://twitter.com/greg_doucette/status/1278907523328806912 , https://twitter.com/sre_li/status/1278856204018565120",47.615326,-122.320669,Arrest/Detention,2020-07-02
317,317,"Portland, OR, USA",07/02/2020,,07/02/2020,"https://twitter.com/greg_doucette/status/1279090088819990531 , https://twitter.com/KohzKah/status/1278944647151104000",45.515874,-122.67675,Less Lethal Round,2020-07-02
318,318,"Seattle, WA, USA",07/02/2020,,07/02/2020,"https://twitter.com/greg_doucette/status/1279097093148336129 , https://twitter.com/own_the_libs_/status/1278765129752907777",47.615326,-122.320669,Arrest/Detention,2020-07-02
319,319,"Portland, OR, USA",07/03/2020,,07/03/2020,"https://twitter.com/greg_doucette/status/1279080889792770048 , https://twitter.com/KohzKah/status/1278957675229753344",45.515874,-122.67675,Tear Gas,2020-07-03
320,320,"Portland, OR, USA",07/03/2020,,07/03/2020,"https://twitter.com/greg_doucette/status/1279085393254797312 , https://twitter.com/Johnnthelefty/status/1278969777831079937",45.515874,-122.67675,Pepper Spray,2020-07-03
321,321,"Portland, OR, USA",07/03/2020,,07/03/2020,"https://twitter.com/greg_doucette/status/1279098133058854914 , https://twitter.com/Johnnthelefty/status/1278983513660723206",45.515923,-122.67801899999999,Intimidation,2020-07-03
322,322,"Seattle, WA, USA",07/03/2020,,07/03/2020,"https://twitter.com/greg_doucette/status/1279431425956159488 , https://twitter.com/slydesilva/status/1279107834739736576",47.614449,-122.31812,Intimidation,2020-07-03
323,323,"Seattle, WA, USA",07/03/2020,,07/03/2020,"https://twitter.com/greg_doucette/status/1279830643174760448 , https://twitter.com/WWConverge/status/1279219509031665664",47.615012,-122.320724,Arrest/Detention,2020-07-03
324,324,"Portland, OR, USA",07/04/2020,,07/03/2020,"https://twitter.com/greg_doucette/status/1279422438724513792 , https://twitter.com/KohzKah/status/1279416489041256448",45.515799,-122.67785900000001,Intimidation,2020-07-04
325,325,"Ridgewood, NJ, USA",07/04/2020,,07/04/2020,"https://twitter.com/greg_doucette/status/1279815427921711109 , https://twitter.com/zellieimani/status/1279495928144158720",40.97979,-74.120429,Arrest/Detention,2020-07-04
326,326,"Washington D.C., USA",07/04/2020,,07/04/2020,"https://twitter.com/greg_doucette/status/1279821096305545216 , https://twitter.com/FordFischer/status/1279533203506827267",38.901567,-77.036617,Arrest/Detention,2020-07-04
327,327,"Salem, OR, USA",07/04/2020,,07/04/2020,"https://twitter.com/greg_doucette/status/1279824128418230275 , https://twitter.com/ToshiiLynn/status/1279603044938731522",44.939192,-123.03086499999999,Other,2020-07-04
328,328,"Salem, OR, USA",07/04/2020,,07/04/2020,https://twitter.com/greg_doucette/status/1279852079117410306,44.939192,-123.03086499999999,Other,2020-07-04
329,329,"Portland, OR, USA",07/04/2020,,07/04/2020,https://twitter.com/PDocumentarians/status/1279666093791928323?s=20,45.51573,-122.67751000000001,Tear Gas,2020-07-04
330,330,"Gettysburg, VA, USA",07/04/2020,,07/04/2020,"https://twitter.com/greg_doucette/status/1279829706125258752 , https://twitter.com/TTOJAF/status/1279544175000772608",39.817787,-77.23190600000001,Other,2020-07-04
331,331,"Miami, FL, USA",07/04/2020,,07/01/2020,"https://twitter.com/greg_doucette/status/1280255461267300360 , https://twitter.com/aileenwthenews/status/1279604064364486659",25.777279,-80.18774300000001,Physical Assault,2020-07-04
332,332,"Portland, OR, USA",07/05/2020,,07/05/2020,"https://twitter.com/greg_doucette/status/1279825941909450763 , https://twitter.com/MrOlmos/status/1279676776310923266",45.520044,-122.67371200000001,Other,2020-07-05
333,333,"Portland, OR, USA",07/05/2020,,07/05/2020,"https://twitter.com/greg_doucette/status/1279826293752725506 , https://twitter.com/MrOlmos/status/1279680110635835392",45.521037,-122.671823,Intimidation,2020-07-05
334,334,"Portland, OR, USA",07/05/2020,,07/05/2020,"https://twitter.com/greg_doucette/status/1279827858295267329 , https://twitter.com/MrOlmos/status/1279682872484347905",45.519828,-122.67261699999999,Tear Gas,2020-07-05
335,335,"Portland, OR, USA",07/05/2020,,07/05/2020,"https://twitter.com/greg_doucette/status/1279828708740792320 , https://twitter.com/Johnnthelefty/status/1279720251760930816",45.517008,-122.67634,Arrest/Detention,2020-07-05
336,336,"Portland, OR, USA",07/05/2020,,07/05/2020,"https://twitter.com/greg_doucette/status/1280653819643338754 , https://twitter.com/MrOlmos/status/1279700750386388993",45.515997,-122.67727,Tear Gas,2020-07-05
337,337,"Seattle, WA, USA",07/05/2020,,07/04/2020,"https://twitter.com/greg_doucette/status/1279897548585668608 , https://twitter.com/FordFischer/status/1279882440320978944",47.617616,-122.315533,Arrest/Detention,2020-07-05
338,338,"Portland, OR, USA",07/05/2020,,07/05/2020,"https://twitter.com/greg_doucette/status/1280216497307222016 , https://twitter.com/tuckwoodstock/status/1280000435177181185",45.515613,-122.677,Intimidation,2020-07-05
339,339,"Portland, OR, USA",07/06/2020,,07/06/2020,"https://twitter.com/greg_doucette/status/1280217098522955786 , https://twitter.com/45thabsurdist/status/1280051248176095233",45.515613,-122.677,Intimidation,2020-07-06
340,340,"Portland, OR, USA",07/06/2020,,07/06/2020,"https://twitter.com/greg_doucette/status/1280217831079018496 , https://twitter.com/tuckwoodstock/status/1280043355787808770",45.515949,-122.678373,Arrest/Detention,2020-07-06
341,341,"Portland, OR, USA",07/06/2020,,07/06/2020,"https://twitter.com/greg_doucette/status/1280217439939244032 , https://twitter.com/45thabsurdist/status/1280051607225262081",45.516287,-122.67893799999999,Intimidation,2020-07-06
342,342,"Milwaukee, WI, USA",07/06/2020,,07/05/2020,"https://twitter.com/greg_doucette/status/1280314553671262209 , https://twitter.com/DanRShafer/status/1280120191570018309",43.043214,-87.914548,Physical Assault,2020-07-06
343,343,"Florrisant, MO, USA",07/06/2020,,07/06/2020,"https://twitter.com/greg_doucette/status/1280346776973828097 , https://twitter.com/CopWatchSTL/status/1280342740706959361",38.798835,-90.318034,Less Lethal Round,2020-07-06
344,344,"Florrisant, MO, USA",07/06/2020,,07/06/2020,"https://twitter.com/greg_doucette/status/1280347174769999884 , https://twitter.com/search4swag/status/1280332765859319810",38.798835,-90.318034,Less Lethal Round,2020-07-06
345,345,"Austin, TX, USA",07/06/2020,,07/04/2020,"https://twitter.com/greg_doucette/status/1280515676105564160 , https://twitter.com/mo0nlitruby/status/1280127918451101699",30.264076,-97.74430799999999,Physical Assault,2020-07-06
346,346,"Nashville, TN, USA",07/06/2020,,07/04/2020,"https://twitter.com/greg_doucette/status/1280663844436803585 , https://twitter.com/brotherjones_/status/1280211300082122758",36.165264,-86.783914,Arrest/Detention,2020-07-06
347,347,"Washington D.C., USA",07/07/2020,,07/07/2020,"https://twitter.com/greg_doucette/status/1280725086719352832 , https://twitter.com/occupydc202/status/1280665647412908032",38.900266,-77.036549,Arrest/Detention,2020-07-07
348,348,"Washington D.C., USA",07/07/2020,,07/07/2020,"https://twitter.com/greg_doucette/status/1280725269431693313 , https://twitter.com/occupydc202/status/1280682567281381376",38.900266,-77.036549,Arrest/Detention,2020-07-07
